latitude,longitude,SAVI,NDWI,RCI
35.965333333333334,33.14844444444444,-0.1383217754806132,0.08254966346651127,-0.12343478241716654
36.48869444444445,33.86972222222222,-0.07249216537205026,0.06302608689292083,-0.054314286549047436
37.00833333333333,34.60344444444445,-0.1084104496279708,0.05069627947013592,-0.10656096489411934
37.52086111111111,35.34525,-0.07265296389590271,0.03522934962931381,-0.06980521404683174
38.042,36.11902777777778,-0.07138972741495733,0.04635012792981191,-0.06152066849021188
38.54508333333333,36.885888888888886,-0.056303038908418486,0.035249563357233595,-0.050372361870003365
39.04369444444444,37.66630555555555,-0.06230765983120551,0.034172909262675195,-0.0634802185861306
39.54694444444444,38.47591666666667,-0.02421426109953531,0.03806223907844775,-0.014705480224348295
40.04580555555555,39.30161111111111,-0.008546712467485595,0.02425542869683272,0.0016563464733284428
40.52388888888889,40.115944444444445,-0.054251727933177694,0.0332184782359139,-0.07437143010469593
41.00805555555556,40.96519444444445,-0.0284067687767662,0.022136804099245053,-0.06052834582925492
41.47233333333334,41.80441666666666,-0.022230194027983558,0.015552834504471725,-0.06509354452880527
41.94105555555555,42.67805555555555,0.0037694720235049214,0.00823949716893976,-0.05192404117200049
42.401805555555555,43.56455555555555,0.012140493098174679,-0.004808964119784701,-0.06121323457915413
42.84161111111111,44.43838888888889,0.006883885752530422,0.00702985341325953,-0.02074774953453111
43.28758333333333,45.354055555555554,-0.008459986606030508,0.011604183552567905,-0.0417803024311076
43.919,46.70616666666667,0.050838133880170146,-0.039060254693023565,-0.09128690014888503
44.332861111111114,47.63122222222222,-0.03811771590697726,0.01369232896267241,-0.10808452513598393
44.73861111111111,48.57091666666667,-0.0558733266406235,0.036026391004982464,-0.09263467580705823
45.135527777777774,49.524166666666666,-0.04207680454764602,0.026742065995350412,-0.07300510796494301
45.52186111111111,50.48730555555556,-0.10499553429676166,0.046840469131076846,-0.1456342229862358
45.90025,51.467416666666665,-0.0935273929934741,0.04098712960685207,-0.13978142480319397
46.27975,52.490611111111114,-0.07645310573981705,0.03778499747982599,-0.13517386786533042
50.01247222222222,66.19983333333333,0.021077086451336914,-0.017354080303983815,-0.061249050108308674
50.22813888888889,67.37530555555554,-0.04831724429256091,0.021297437414996356,-0.06803774995356154
50.42947222222222,68.55388888888889,-0.016695773551975192,0.019572690012162157,-0.025594182420125736
50.617416666666664,69.74105555555556,-0.02871878249309605,0.025010289096269383,-0.04057418550205469
50.79258333333333,70.94116666666667,-0.05757631174645432,0.026855218901510085,-0.06715943792215508
50.95397222222223,72.14850000000001,-0.02566732929598014,0.01994946718703703,-0.039511507481841485
51.10158333333334,73.36308333333332,-0.002663734832087216,0.015013932557057227,-0.033419736891633835
51.235527777777776,74.58683333333333,-0.004899726618021582,0.004649167605619463,-0.05402383567817257
51.355333333333334,75.81577777777777,0.04525222649915344,-0.01592943632261388,-0.03828121446045995
51.4615,77.05633333333333,0.10191245894580331,-0.04241826004007434,-0.003448504205149111
51.61344444444445,79.25102777777778,0.10274250227414812,-0.051320098720313845,-0.030469303355825827
51.74333333333333,82.10352777777777,0.10804889003272271,-0.050206433204215736,-0.013345899812012205
51.776583333333335,83.36180555555555,0.04344298321817267,-0.01550489904018735,-0.012427886073306367
51.795249999999996,84.62108333333333,0.023156206868335548,0.005260897633537612,0.009033944796786307
51.799277777777775,85.88133333333333,0.016741225118016824,0.0120270410018029,0.02204849433425834
51.78863888888889,87.14347222222223,0.011844694935312535,0.011318598969341164,0.02363064213349811
51.7625,88.43594444444444,-0.005317702823758375,0.030376603656043655,0.019070521664030903
51.72230555555556,89.69225,-0.01291989032473411,0.018520777521971152,-0.0007270611241411468
51.66761111111111,90.94516666666667,1.4066453554259438e-07,0.02196856520270937,0.012539978167909966
51.59838888888889,92.19569444444444,0.015080565407805838,0.014665003336437556,0.031546321037449365
51.514805555555554,93.44111111111111,-0.002392013296887183,0.011351315153927963,-0.014056636332405793
51.416999999999994,94.68094444444445,0.039661429841329025,-0.01026766753144398,-0.004044835012575966
51.305027777777774,95.91477777777779,0.08604956558108479,-0.036065364457471515,-0.004156876284517653
50.616055555555555,101.46394444444445,0.10400979156196269,-0.05775573244866024,-0.019163931898344217
50.428416666666664,102.64852777777779,0.05940248910992612,-0.008892896030244502,0.027602320032148322
50.22741666666667,103.82480555555556,0.026369439156997628,0.021226205361659835,0.037003022295848745
50.01391666666667,104.98847222222223,-0.00488354096850476,0.019070614221022995,-0.0052510136382601606
49.78186111111111,106.17058333333334,-0.0031034925490936983,-0.0013643555115790162,-0.050031678402398874
49.54244444444444,107.31427777777778,0.013093462312676642,0.0017564369398844863,-0.005456155297748603
49.29122222222222,108.44411111111111,-0.019783349345619674,0.017387522092440308,-0.042874319984137654
49.021388888888886,109.58922222222222,0.016234087587975718,-0.01496365726078116,-0.051050497777088456
48.74744444444445,110.68908333333334,0.1538026212258086,-0.07896455863761091,0.031675061391462034
48.46197222222222,111.77680555555555,0.013202944139665874,-0.008359092906841255,-0.03911201112948088
48.16569444444444,112.85027777777778,0.013066295897074122,0.0009144998534305283,-0.04546710065695645
47.85938888888889,113.90777777777778,0.0205562154301329,-0.020717861152559334,-0.07911248907212731
46.040166666666664,119.35586111111111,0.039851966399223976,-0.03445820391597566,-0.09895491311778548
45.67058333333333,120.32758333333332,0.027041768638736873,-0.016162333945855492,-0.05699370918115886
45.29183333333333,121.28613888888889,0.028939437410109205,-0.012437398865382369,-0.04885654918936411
44.90286111111111,122.23441666666666,0.018256495851227992,-0.010611144624250033,-0.05732111318867518
43.22752777777778,125.9665,0.027172524320044453,-0.01215801440404843,-0.04583334147950772
42.78563888888889,126.86977777777777,-0.030183567737762613,0.01803688277185023,-0.051538420538697505
42.34908333333333,127.73369444444444,-0.01292249537137863,0.013114424403852834,-0.03811192324871757
41.90438888888889,128.58661111111113,-0.007625271322417699,0.010566602432066351,-0.03072551150902237
41.45252777777778,129.42719444444444,-0.12009970719872778,0.06351046862501346,-0.12963336037166037
40.995194444444444,130.25291666666666,-0.12564424797806356,0.054702964176416874,-0.14970042280753498
40.531527777777775,131.06605555555558,-0.10673149745725603,0.05763938581148237,-0.13851006277628863
40.05027777777777,131.88605555555554,-0.042084386707004554,0.030040276263557146,-0.07557051855149247
39.56238888888888,132.69397222222221,0.02659504412746389,-0.017314306938872842,-0.06302836324380058
39.07875000000001,133.4731111111111,0.043608084048556525,-0.0261466810279818,-0.05808455954240716
38.588750000000005,134.24163888888887,0.04128039738347768,-0.0252578130235162,-0.056018373892894095
38.09330555555556,134.9986111111111,0.033300764076562954,-0.021460800605787856,-0.06531946928761909
37.5925,135.7445,0.07685688105719517,-0.050467354033365816,-0.07379070830976925
37.07280555555556,136.49913888888887,-0.06625989305307034,0.04077294957939832,-0.1211704463759862
36.56330555555555,137.22083333333333,-0.16023569349308694,0.0719176497575173,-0.17608631990598442
36.05058333333333,137.93002777777778,-0.27035077954785053,0.2565164193337818,-0.04464691646230817
35.53436111111111,138.6276388888889,-0.05431759705307667,0.09472369735528144,0.10956059852521592
35.01311111111111,139.31619444444445,0.026585232017866747,0.0208598722239856,0.08025742342635364
34.48630555555555,139.99677777777777,0.13085908225772613,-0.0378648894206205,0.08635856495350776
33.95691666666667,140.66594444444445,0.11745701047340451,-0.04875665002596305,0.003313797747095853
33.40783333333333,141.34516666666667,0.15654047713161873,-0.0771590834653684,-0.028928756050919335
32.869416666666666,141.99727777777775,0.012171363972242904,-0.005988881720434658,-0.0782867071769003
32.311277777777775,142.65944444444446,-0.05647879470555458,0.048515901350575104,-0.092098904294127
31.76636111111111,143.293,-0.009924146223495595,0.018135031956503542,-0.06309842166493289
31.216527777777777,143.91994444444444,-0.06088056835603778,0.0426721913769589,-0.09701832738900452
30.663555555555554,144.53858333333332,-0.1391295014325962,0.09177152347968727,-0.14164360152790764
30.094055555555553,145.1638888888889,-0.15050462329692013,0.08626311493446384,-0.14641119107453412
29.535777777777778,145.76569444444445,-0.13181214724794782,0.0818140595279504,-0.1324245019133823
28.957694444444442,146.3777777777778,-0.11953369731561786,0.07003975409609171,-0.14410538445977356
28.392833333333332,146.96544444444444,-0.12557368300251145,0.06905328842244975,-0.15177444668522214
27.823666666666668,147.54772222222223,-0.08784865483579463,0.061784618576616886,-0.10459151280230146
27.250333333333334,148.1246388888889,-0.22431510390742573,0.12938512337049912,-0.2051123647103601
26.675666666666668,148.69369444444445,-0.32510729589904225,0.1507898620809395,-0.27483441728985114
26.09947222222222,149.2553888888889,-0.25748625500338773,0.1671794025818655,-0.2110897074631636
25.5185,149.8131388888889,-0.16127552122733915,0.09485891174893789,-0.16014762332555044
24.935194444444445,150.3648611111111,-0.22292201728078354,0.1151650915974427,-0.2281749502052304
24.35063888888889,150.90980555555555,-0.18818508798473976,0.07947964966582015,-0.20834846157649087
23.747055555555555,151.46452777777776,-0.17405776169480275,0.08610464594794047,-0.20477911266586735
23.154916666666665,152.00116666666668,-0.16603913052812547,0.09173008879745577,-0.18340761572110145
22.547361111111112,152.54441666666668,-0.317893019532591,0.1553353013461243,-0.30740052732382395
21.953333333333333,153.0686388888889,-0.19183956161947363,0.10594974556706895,-0.2048365260085283
21.34136111111111,153.6018611111111,-0.14311008809174197,0.06031367712492496,-0.17162228260839668
20.74227777777778,154.11744444444446,-0.08690747307734718,0.042032557579002705,-0.11494200220167058
20.14236111111111,154.62772222222222,-0.10073097465028114,0.03434136953278792,-0.1297403759008713
19.54188888888889,155.1326388888889,-0.11926155077728445,0.038275038979546795,-0.14924254930765993
18.934833333333334,155.6375,-0.13913111256399063,0.051106708975379105,-0.16818460870871071
18.32852777777778,156.1363333333333,-0.10743253374209197,0.048651016162026404,-0.1372150812532247
17.72161111111111,156.63055555555556,-0.11169180295725663,0.039288395899423754,-0.14092587958106947
17.113222222222223,157.12102777777778,-0.13860433244213588,0.051876613668537706,-0.17006749335958324
16.502388888888888,157.60877777777776,-0.1476370815202628,0.06235214715825906,-0.17575416875860522
15.892694444444444,158.09116666666668,-0.11155757669605074,0.04372221512163109,-0.13957983617656175
15.278,158.57319444444445,-0.149641929928557,0.06470965642525792,-0.17865997686265403
14.665000000000001,159.04980555555557,-0.13044032996811575,0.05023370257376916,-0.15975424868851096
14.048666666666666,159.52511111111113,-0.12695590773644935,0.05345354685427758,-0.15757199959068477
13.376805555555556,160.0390277777778,-0.140054098765677,0.05702899535611142,-0.16975615591461762
12.758194444444445,160.50858333333332,-0.12435367085046332,0.051238675514260944,-0.15328786513735249
12.123166666666668,160.9871111111111,-0.11973105968070454,0.04845828643312427,-0.14572211018195058
11.502583333333334,161.4516111111111,-0.1136586062776486,0.061016976601228255,-0.13953524897334507
10.879861111111111,161.91472222222222,-0.11520062132966008,0.05909193947852817,-0.1450633765479979
10.256555555555556,162.37550000000002,-0.013467017501478872,0.003375452542028026,-0.09879456001473423
9.633444444444445,162.8335277777778,-0.13580256642704816,0.08170727134974712,-0.1474410710256228
9.009944444444445,163.28941666666665,-0.007354106934299617,0.021674899710883624,-0.08144820333012817
8.388222222222222,163.74175,0.13050053228320707,-0.08492041553101248,-0.06899454274519337
5.0409444444444444,166.14558333333332,0.04397377863372227,0.014656150132092618,-0.06174006770134685
4.391861111111112,166.60688888888888,-0.01175567281704069,0.10358689475315033,-0.07714238402615807
3.76375,167.05219444444447,-0.18822809262068804,0.12958937077055896,-0.1811207178210269
3.1349722222222223,167.49702777777776,-0.09696663790448884,0.06607948643940126,-0.11123747955986087
2.506,167.94127777777777,-0.12070549973311336,0.0707259802404743,-0.13827383900933854
1.8763333333333334,168.38538888888888,-0.08385013914614556,0.04266590681510011,-0.10761527999096986
1.2435,168.83124999999998,-0.06711402088677151,0.04533343542069324,-0.0900034040709552
0.6119722222222223,169.27594444444446,-0.07331133704918066,0.0424380811082416,-0.09892303372719348
-0.03758333333333333,169.7331111111111,-0.06341639578348543,0.04210330382057255,-0.08679748996670901
-0.6705,170.1786111111111,-0.08795496861689786,0.05016370253641359,-0.11896216026854567
-1.3216944444444445,170.63713888888887,-0.0751281333928609,0.047583492393745236,-0.1044850087815108
-1.956611111111111,171.0845277777778,-0.0952883144473885,0.05955428636931203,-0.1265666582121063
-2.587638888888889,171.52966666666669,-0.144407620088813,0.0762174389032392,-0.1748520386586202
-3.2207222222222223,171.9768611111111,-0.11257488405794162,0.061294989911970556,-0.14377348828801378
-3.853138888888889,172.42441666666664,-0.09656041855440343,0.06017348898245939,-0.12400176532496514
-4.502666666666666,172.88502777777776,-0.1359660004493711,0.09473440000191498,-0.13913411598367895
-5.131638888888888,173.3322222222222,-0.29251496150227985,0.1496880006377884,-0.2564201279006465
-5.759083333333334,173.77955555555556,-0.38916981433286985,0.20626871646852685,-0.31579502621957434
-6.386666666666667,174.22841666666667,-0.44929914905080764,0.2513566528564747,-0.35670109093106406
-7.009972222222222,174.67577777777777,-0.2647272681367179,0.16181147126902046,-0.24200648003694292
-7.634972222222221,175.12605555555555,-0.19584913764976106,0.10089950670190925,-0.21466104974490843
-8.26163888888889,175.57944444444445,-0.14653007273324228,0.0733297443702954,-0.17542162547196197
-8.905666666666667,176.04758333333334,-0.14037643623038837,0.07254074496580597,-0.16645193840429814
-9.530750000000001,176.50419444444444,-0.14749142028574197,0.07804269015920967,-0.17539457383485024
-10.15836111111111,176.96505555555555,-0.11257088169749369,0.07113537111210538,-0.13755514817021056
-10.781555555555556,177.42527777777778,-0.17310931334362736,0.07556220145326356,-0.2024993305302157
-11.404972222222222,177.88841666666667,-0.13800426962764492,0.05543472678125708,-0.16573287692064773
-12.02677777777778,178.35327777777778,-0.13658865927721336,0.06779327675759685,-0.1590939450461273
-12.648555555555555,178.82125,-0.16079745727669706,0.06604889883334915,-0.1867830227875745
-13.268194444444445,179.2908888888889,-0.17881333238620736,0.06910605646291215,-0.20448530140786236
-13.89386111111111,179.7686111111111,-0.13298451250943163,0.06306616914927989,-0.1537848722712321
-14.517944444444446,-179.7511111111111,-0.12953812553933267,0.05831921162203287,-0.1571443841717469
-15.141055555555555,-179.2676388888889,-0.08331193268595795,0.05526506479498581,-0.10396062283545292
-15.779805555555557,-178.76772222222223,-0.06682701287077301,0.04187875302914731,-0.09161429177167837
-16.396194444444443,-178.28091666666668,-0.025678179815654737,0.0224186004479918,-0.05437715234117136
-17.012333333333334,-177.78977777777777,-0.04842626324260902,0.0344341237866285,-0.07426681690340955
-17.628444444444444,-177.29391666666666,-0.013051244424549533,0.014728237641067508,-0.07164610779269671
-18.242527777777777,-176.79472222222222,0.004386181385390497,-0.0013029936068060036,-0.06804467536182031
-18.855055555555555,-176.29158333333334,0.016770818720360063,-0.008553915268923627,-0.06633447543470529
-19.46511111111111,-175.78505555555554,0.029553904758593087,-0.026340064664925555,-0.07349377212746012
-20.073055555555555,-175.27463888888892,0.03269226020227909,-0.02617989613452004,-0.06968456242330807
-20.677111111111113,-174.76163888888888,0.04836643740927605,-0.03700512888095954,-0.07276932693842866
-21.280916666666666,-174.2427222222222,0.06940237223079457,-0.047128674798220124,-0.06956216120924678
-21.88186111111111,-173.71994444444445,0.05187145728887068,-0.037663589679946506,-0.06778951301079024
-22.49791666666667,-173.17708333333331,0.00814229475863062,-0.0044432090921231356,-0.057936255813574256
-23.11052777777778,-172.6300277777778,0.03861125404981597,-0.024828637561843545,-0.06462221164727802
-23.72072222222222,-172.07755555555556,0.08664803952229976,-0.058116014491393315,-0.057274689152308274
-24.311777777777777,-171.53491666666667,-0.013599275394377575,0.011437871562676186,-0.06092778790568254
-24.900333333333332,-170.9868611111111,-0.018783906406900277,0.015317612722514617,-0.05517130377072336
-25.488222222222223,-170.43138888888888,-0.02859670195188788,0.018248149099833494,-0.05679697284062165
-26.072666666666667,-169.87083333333334,-0.028429252740521688,0.021956898770264487,-0.05019992233049684
-26.667916666666667,-169.291,-0.057468859834657375,0.030541286631623633,-0.07854967753588411
-27.245833333333334,-168.71894444444445,-0.06976530933284097,0.03171768477105446,-0.08702066934986363
-27.820194444444443,-168.14119444444444,-0.12977776650270512,0.06259083298581751,-0.12431188214677448
32.480222222222224,5.142666666666667,-0.15293011919968297,0.07060418595893712,-0.14878171684362404
33.04108333333333,5.812361111111111,-0.08462567113582199,0.0383521298815926,-0.10045367903367637
33.582,6.471916666666667,-0.06291103115105334,0.029980004440826206,-0.08281109137116062
34.12108333333333,7.1433333333333335,-0.0627501634183421,0.02773130190568644,-0.08439045778956913
34.65338888888889,7.820777777777778,-0.057173872675148375,0.028091536697097796,-0.0808847924475303
35.19136111111111,8.520888888888889,-0.059403215934641984,0.021055408914638682,-0.0861486365471638
35.71463888888889,9.217583333333334,-0.03801091452200175,0.013893241483021545,-0.06972527746331053
36.23263888888889,9.923333333333332,-0.08162867701284045,0.034471313109724656,-0.1043520099284754
36.74425,10.636972222222221,-0.08876915925745556,0.03778136635055673,-0.10984031403786287
37.25147222222222,11.361694444444444,-0.12852582654038971,0.04984111839740077,-0.15307713320327812
37.7675,12.117583333333334,-0.08901119918503905,0.05345924854892347,-0.08820577407208248
39.617666666666665,15.000166666666667,-0.10058157320396097,0.07240950364218192,-0.08638032913202495
40.093583333333335,15.790611111111112,-0.1284630754048033,0.0801979972188554,-0.09017318536352315
40.56236111111111,16.591166666666666,-0.08492267975228954,0.084492776683398,-0.009294054977346504
41.02325,17.400916666666664,-0.12450663969005579,0.0789873688474011,-0.09452593091380555
41.49272222222222,18.250527777777776,-0.07176506823569631,0.06276948466662076,-0.055089965135742894
41.94102777777778,19.08663888888889,-0.05371491393592425,0.042565445434652106,-0.06805271284794183
42.382,19.934555555555555,-0.0494894134080329,0.051175023870135436,-0.07365044473379884
44.00088888888889,23.295333333333335,0.11653593949384415,-0.05121732954360823,0.004221754457780727
44.41719444444444,24.232444444444443,0.028076216099080856,0.004472350207948778,0.051801560653496115
44.81211111111111,25.153416666666665,0.025628071104559367,0.027019327961471353,0.09522438501882904
45.20966666666667,26.114833333333333,-0.04975409724728217,0.0473792950978886,-0.018792864859021485
45.58938888888889,27.06811111111111,-0.008511295153547153,0.02777851660534877,0.024603950152875365
45.96930555555556,28.05922222222222,-0.013428828819216384,0.029091719383873685,-0.002219892313687196
46.33997222222222,29.06563888888889,0.0008901209741013553,0.0014608247095867887,-0.047317986481657665
46.688805555555554,30.052,0.07592649829895763,-0.034667911803718844,-0.018526860628548067
47.02902777777778,31.054361111111113,0.04811010692736034,-0.009222838253705169,-0.002037744345535507
47.36138888888889,32.07619444444445,0.0017621785133091624,0.008239033642528827,-0.04639811514903563
47.6815,33.10458333333334,0.06542933398110484,-0.018993751069352083,-0.020197157999607997
50.011472222222224,42.60316666666667,0.05027696175813193,-0.021014258717654413,-0.044906369458896415
50.22852777777778,43.786138888888885,-0.014874092529801335,0.013023619799166561,-0.04435502726745009
50.42647222222222,44.94430555555555,-0.001205960276893704,0.012820423204458135,-0.027099493035033746
50.61622222222223,46.14175,0.03087927716570842,-0.0030365638002097977,-0.012302680651778239
50.79311111111111,47.353500000000004,0.04938423426663371,-0.021420102771032064,-0.009192931084819613
50.95166666666667,48.539,0.10667814162531482,-0.039895064997867775,0.02897957778806612
51.09769444444445,49.738055555555555,0.046452837144182524,0.0017750596990589995,0.012085763182567419
51.23302777777778,50.971333333333334,0.03644774826147916,-0.01169533098877617,-0.026141124913877076
51.35447222222222,52.21511111111111,-0.0013378866799655354,0.007794124851217923,-0.030779159561777118
51.45888888888889,53.43208333333333,-0.008876472733814823,0.013781503207021685,-0.033157512844186915
51.54913888888888,54.649166666666666,0.01442290097382239,0.010001342167573033,-0.0007230415227964085
51.62580555555556,55.87338888888889,-0.04876176182435777,0.023817960920266477,-0.06824167958203671
51.68863888888889,57.10313888888889,-0.04075079068862373,0.020001538290785378,-0.05406369770914828
51.73738888888889,58.3325,-0.06051288577342387,0.026916865792924197,-0.08001104769979679
51.799055555555555,62.360527777777776,0.036483020433958846,-0.031901828839370025,-0.06313523496178672
51.7875,63.630833333333335,-0.01807278293591877,0.014238134751841321,-0.04717447820447636
51.76188888888889,64.86788888888888,0.010713172708667304,0.007997655111948259,-0.02745139284640182
51.72236111111111,66.0996111111111,-0.02776860643602489,0.010875076673763749,-0.08013685320007927
51.66902777777778,67.32491666666667,-0.006036396393419195,0.01446855894507712,-0.04241748575454922
51.599833333333336,68.58061111111111,-0.0374344327082802,0.021855245192384576,-0.05375529777830081
51.51569444444444,69.83783333333332,-0.050844750288266634,0.025700912604442027,-0.06107452784528049
51.41744444444444,71.08444444444444,-0.015426597327635207,0.019391073858231304,-0.02045369284672172
51.30744444444444,72.29855555555555,0.0069558127217442135,0.013139232250161538,0.003200611980337909
51.18402777777777,73.5045,0.002182822832057067,0.018326033219407883,-0.01636714617688775
51.04397222222222,74.73013888888889,-0.029465778312898483,0.024153650038316092,-0.05669064335534632
50.889944444444446,75.94841666666667,-0.018715528070072596,0.015451159768024664,-0.051958254093189056
50.727000000000004,77.12477777777777,0.010320379917746569,0.014215994051527292,-0.011920507500453186
50.55122222222222,78.29255555555555,0.0049358156178927705,0.018276408081817314,0.0022675361295056325
50.36211111111111,79.45480555555555,0.0038456321611586883,0.018574157198413693,0.01471074831953644
50.160777777777774,80.60541666666666,-0.04065555650178634,0.03177415220956459,-0.041641395051421295
49.94702777777778,81.74608333333333,-0.057958836287667514,0.026844977258801177,-0.06822086266381949
49.71461111111111,82.90769444444445,-0.05000573370324618,0.03213745174080638,-0.05559259001192162
49.47691666666667,84.02402777777777,-0.033576559385092644,0.018316237121557555,-0.04259513013788077
49.226083333333335,85.13536111111112,-0.02882467695042031,0.016222993281919562,-0.05450477719488892
48.964083333333335,86.23283333333333,-0.011202725705242557,0.006573929424824915,-0.05229084085999756
48.690777777777775,87.31819444444444,0.03575820204387968,-0.018105151904202244,-0.045649739513595564
48.406444444444446,88.39075000000001,0.0066193607361998115,0.0019101014339230895,-0.0541256160642874
48.111111111111114,89.45116666666667,0.0077012242811304145,0.0006774612406758142,-0.045073205091100355
47.80536111111111,90.49791666666667,-0.033151876991617237,0.023771527261715598,-0.06264717979055358
47.489555555555555,91.53066666666666,-0.04281747374737013,0.023874573863551008,-0.06395905262296685
47.15427777777778,92.57877777777777,-0.04290452202294198,0.03458553553555685,-0.06151761494105157
46.818472222222226,93.58391666666667,-0.02104968578952063,0.01808135131961753,-0.039147254614755246
46.472500000000004,94.57733333333333,-0.008380844523149,0.015903481430696056,-0.035582578985506354
46.11713888888889,95.55727777777777,-0.03270482210242637,0.01618121468667507,-0.0628687470539206
45.75297222222222,96.52288888888889,-0.02320909844092175,0.017120033438932928,-0.05018270398378308
45.38086111111111,97.47272222222223,-0.017964231582881685,0.01914150786143411,-0.04398769494640427
44.98694444444445,98.44105555555556,-0.011414836410765586,0.011495619644643773,-0.037702281032443885
44.59586111111111,99.36774999999999,-0.026053055707917945,0.01415439921579369,-0.05813729299944248
44.19697222222222,100.28025,-0.014877145315988317,0.013913013297388272,-0.0399809623062161
43.77825,101.20533333333334,-0.011570819647441272,0.014774660844644422,-0.036763124164633114
43.36288888888889,102.0923611111111,-0.01504258889647796,0.016826024196453133,-0.04321672880509419
42.939,102.96836111111111,-0.013660977269272272,0.014152207267089543,-0.04313653275419398
42.5085,103.83002777777777,0.040602932134378655,-0.020806547267147413,-0.03020069380035386
40.22488888888889,107.99991666666666,0.05065311556904743,-0.027418921845503992,-0.04222746576457754
39.74044444444444,108.81044444444444,-0.00694099463371599,0.011244902133487155,-0.03754971531730889
39.26413888888889,109.5856111111111,-0.00042894220165815505,0.008252037231053467,-0.04040155526853451
38.41772222222222,110.91386111111112,0.03801658370013131,-0.022993224262637998,-0.05111666475646723
37.9225,111.66383333333334,0.0004031696994570753,0.0004590409407431854,-0.04308562014732807
34.65272222222222,116.19208333333334,-0.020942710990410465,0.05200741947098741,-0.06903567430026604
34.10916666666667,116.8836388888889,0.018775454514587817,0.005255276094905263,-0.026632893814140163
31.65561111111111,119.82894444444445,0.024312442729329666,-0.008908437330946883,-0.054263308161619075
31.089972222222222,120.47125,-0.05656607739886497,0.04675654720973163,-0.07060923426604364
30.518833333333333,121.10727777777777,-0.06905155546590513,0.04019787900628685,-0.0836491768588089
29.960833333333333,121.7171388888889,-0.12716094381113463,0.06323028679603597,-0.13622234936187833
29.383083333333335,122.33711111111111,-0.031488474240344996,0.010251338921035429,-0.10093065533422724
28.818305555555554,122.93241666666667,-0.027840708918276096,0.01862620689393366,-0.06709527952659361
28.253055555555555,123.51802777777777,-0.009120215086429823,0.010797331348473778,-0.06195476333347761
27.666833333333333,124.11513888888888,0.08680300747747434,-0.054968771602621966,-0.07456319854045153
27.09472222222222,124.68830555555556,0.056586903057770546,-0.036485230876749125,-0.08917853150363973
26.51925,125.25572222222222,-0.04600328317458181,0.03078205907986967,-0.09942208075250293
25.939888888888888,125.81811111111111,-0.04774348286012105,0.04902786553171903,-0.0632629518525396
25.35863888888889,126.37383333333332,-0.29067293554165197,0.19461836178067835,-0.22936811241319477
24.773916666666665,126.92466666666667,-0.11310571956484887,0.0714919450778979,-0.13443912949023049
24.170333333333335,127.48502777777777,-0.08857747411897138,0.04772153405708847,-0.12092631952602231
23.58211111111111,128.0234166666667,-0.052827900908710985,0.0316226783172113,-0.08794116801436531
22.989194444444447,128.55875,-0.06496848329472271,0.03480545065888597,-0.10003667240253668
22.37825,129.10299999999998,-0.11409241280642342,0.05254842843812724,-0.1461880318327939
21.781499999999998,129.62769444444444,-0.13772519524922494,0.06461362474323448,-0.16970990342812203
21.18261111111111,130.14777777777778,-0.14145191754012834,0.0678285262586373,-0.16991219479668881
20.567416666666666,130.67547222222223,-0.1101979239324522,0.06359005601742161,-0.13964905658791615
19.963583333333332,131.18733333333333,-0.10055789653697669,0.04688872668243792,-0.1379525056951703
19.357666666666667,131.69511111111112,-0.0560189249661099,0.030425415767228795,-0.10150580461126853
18.752277777777778,132.19691666666668,0.05297387250652631,-0.04540749868557078,-0.1002227232880447
18.125666666666667,132.71077777777776,-0.05787140668330852,0.02854305359014349,-0.12542758528553508
17.51525,133.2061388888889,-0.1314485038587881,0.047360297195460574,-0.16548544414042474
16.887138888888888,133.71077777777776,-0.130034319001339,0.06775863490714558,-0.14910182725299018
16.256722222222223,134.2123611111111,-0.1974103453864002,0.10613986888228338,-0.20995514208652752
15.64186111111111,134.69705555555555,-0.09291857672526742,0.04417292006477218,-0.11657785162559259
15.01075,135.19016666666667,-0.0885212957935207,0.035824577922427596,-0.11188496400195826
14.392555555555555,135.66905555555556,-0.15752142777723774,0.07363261689224773,-0.183769140739005
13.75625,136.15800000000002,-0.15845060967553856,0.06138718601052256,-0.18674901919218587
13.134527777777777,136.632,-0.15953559216174082,0.06253823036636179,-0.18431218956299925
12.514694444444444,137.1011388888889,-0.13061375863219116,0.05411903029427118,-0.15562921937957652
11.894666666666666,137.56716666666665,-0.17014929358384828,0.07918536583473362,-0.19755978342704
11.2625,138.03916666666666,-0.13522229393816762,0.05817635494525518,-0.16153937157756537
10.637666666666666,138.50277777777777,-0.09968539684569923,0.048234403595023935,-0.12390045177557422
9.994166666666667,138.97736111111112,-0.11197798327362894,0.04352218449232009,-0.1462327277319301
9.36913888888889,139.43575,-0.0986386554521409,0.05727179461107155,-0.12253148190056046
8.724833333333333,139.90580555555556,-0.1812905513194877,0.09485295384036352,-0.18760191781106553
8.101694444444444,140.35822222222222,-0.24541870975370758,0.1317921669424182,-0.22326586868760956
7.478305555555556,140.80875,-0.29606138402221027,0.16946896899199912,-0.2491087245002235
6.852555555555555,141.25919444444443,-0.2387274749504033,0.15179681658048336,-0.2137974905913597
6.223416666666667,141.71033333333332,-0.20225300483806055,0.12080429981889204,-0.19155768781412824
5.593944444444444,142.16022222222222,-0.2391884356489998,0.12764323914544112,-0.23055323729470759
4.963611111111112,142.60927777777778,-0.22878617427647147,0.1393191256325037,-0.21695445351702985
4.335555555555556,143.0555277777778,-0.17599652142408193,0.10016112669897825,-0.18772842399659437
3.708,143.50036111111112,-0.1717055517839384,0.07677417399166132,-0.19029779025939234
3.079861111111111,143.94466666666668,-0.1900331217444124,0.08326283349545288,-0.21047178607865194
2.447916666666667,144.39094444444444,-0.1699141904232554,0.08498201454175894,-0.1982993074696773
1.7984444444444443,144.84897222222224,-0.13898574448957923,0.06546369022838613,-0.17428765291947365
1.1663333333333332,145.29430555555555,-0.12277274382366575,0.06582822177990508,-0.15226857737012253
0.5199722222222223,145.74936111111109,-0.2975035271517131,0.1830031304915788,-0.24990968597331636
-0.10819444444444445,146.1915,-0.39785877178198936,0.23771858040870023,-0.31887972336111997
-0.75225,146.6448611111111,-0.4473935719572915,0.23636133692975045,-0.35082069823861606
-1.3803055555555557,147.0871111111111,-0.3580823291087955,0.24378112429063095,-0.3023711279074124
-2.0094444444444446,147.53047222222224,-0.19028838236468087,0.11872899384208853,-0.1987749287003539
-2.637277777777778,147.97338888888888,-0.275529194044258,0.17746057144875343,-0.2560631909190738
-3.2661944444444444,148.4177222222222,-0.3716223772664816,0.23723999814882132,-0.3047765342293677
-3.894083333333333,148.86211111111112,-0.4505923930101489,0.2821935680875759,-0.36581141860613503
-4.520555555555555,149.30641666666668,-0.3032129128419581,0.18365969897435572,-0.2725511402026224
-5.146111111111112,149.75119444444445,-0.23206141455922236,0.16525450125783414,-0.1575066862370307
-5.773138888888889,150.19827777777778,-0.3725195773368075,0.22631956538771097,-0.2407065370489973
-6.41675,150.65866666666668,-0.24306671531979843,0.14903889060685577,-0.16526859350904163
-7.041388888888889,151.10705555555555,-0.214913159337566,0.14954862440765862,-0.18344778789404834
-7.6673888888888895,151.55816666666666,-0.17490145619533107,0.10805114883181308,-0.16445397249364832
-8.29075,152.00925,-0.14441390152267683,0.08028399461744332,-0.15043025314526712
-8.934666666666667,152.4773888888889,-0.14837196906159644,0.07828088218910106,-0.14899200319000971
-9.559666666666667,152.93405555555555,-0.12706639087293928,0.05765254288557934,-0.1485734637892666
-10.182944444444443,153.3918611111111,-0.14173654880856648,0.06656757155545248,-0.16673445568550938
-10.805666666666667,153.85183333333333,-0.15388139315423405,0.07822720965076044,-0.184385090145379
-11.434083333333334,154.31880555555554,-0.11643614693183452,0.06931404914895758,-0.14312359213193493
-12.05763888888889,154.78511111111112,-0.13056769417773584,0.07941314541088178,-0.1457646113279669
-12.679638888888888,155.25341666666668,-0.08611022937731311,0.05952984687165505,-0.10563496878601807
-13.299888888888889,155.72369444444445,-0.10571473884285609,0.06441380376206042,-0.12502086741198778
-13.933722222222222,156.2078611111111,-0.1177162142609657,0.07400187499330806,-0.11904148203199583
-14.563972222222223,156.69316666666668,-0.19110920292563713,0.10707177954273638,-0.17724625818113618
-15.177416666666666,157.16938888888888,-0.19618816276481968,0.12112168204850791,-0.17786057131483995
-15.790805555555556,157.6496388888889,-0.1003053093778292,0.06230783062312607,-0.11191934220306102
-16.401805555555555,158.13225,-0.1268051607929928,0.07232750341591375,-0.14393947718109062
-17.012333333333334,158.61891666666668,-0.20660578058482448,0.12408847268591035,-0.198193746920325
-17.635805555555557,159.12072222222224,-0.2661466116641489,0.16342884536995464,-0.22493880169445565
-18.243333333333336,159.6146388888889,-0.15941447100536343,0.10443591841911014,-0.15851135676918165
-18.850333333333335,160.11319444444445,-0.1460765262274023,0.06412023790972254,-0.1758524431617348
-44.95608333333334,-166.29383333333334,-0.00637564969497199,0.09711467952705045,-0.25498278157570176
